,Exclude?,Race,Open  = 0; Closed =1,State prison Prison?,Probation,County Prison,Dismissal?,Prison in months,664-187 alleged?,12022.53(d) alleged,"Convicted of 664-187? 0 = no, 1 = yes","245(a)(2), (a)(3), or(b)  gun conviction","If convicted, 1=plea, 2=JT
0 = dismissal or pending
3 = acquittal","Someone shot? (0=no, 1=yes)",Docket,Defendant
0,,O,1,0.0,0.0,,1.0,0.0,1,1,0.0, ,0.0,1,122cd872-f5f8-4298-85c4-47efde7b9c9b,3147262b-f208-4a28-8b75-d2e3922f84b0
1,,B,1,1.0,0.0,,0.0,212.0,1,1,1.0,0,1.0,1,3efa71ce-dc31-4806-8beb-815a241ed932,b3d208d0-68c7-4a39-80bf-22a7a3ff2e1e
2,,H,0,,,,,,1,1,,0,0.0,1,d46edc89-feb8-42b6-a6bd-5110e8f197b5,88955683-d796-4ffc-973b-ebc45e54ad80
3,,B,1,0.0,1.0,,0.0,0.0,0,0,0.0,1,1.0,1,05c12a31-a9d7-4e8c-a257-2b130bb23ed6,5cb41de8-121a-49d3-bbbf-dff284eccaf6
4,,B,0,,,,,,1,1,,0,0.0,1,f14ffafe-75fa-4d15-99a0-0203f45bb611,1fbf1f0c-0b85-43e7-ad66-7c9e3d2c20d8
5,,W,1,0.0,1.0,,0.0,0.0,1,1,0.0,0,1.0,1,85e66603-cb88-4701-bc1e-6f725eecec3b,994b5e5e-4d3a-47c3-b2b9-3040fa27452b
6,,B,1,1.0,0.0,,0.0,180.0,1,1,0.0,1,1.0,1,edafd755-5e3f-4777-8620-e6c0fde7f87c,efab7769-0d98-4583-8b18-3aaa156159b8
7,,H,1,1.0,0.0,,0.0,120.0,1,1,1.0,0,1.0,1,3d29ad7b-d613-4b20-976f-440990f4ed02,693b75ce-f6be-49fd-97c9-cd00b22fe893
8,,B,1,1.0,0.0,,0.0,120.0,1,1,0.0,1,1.0,1,f497a2b9-55b9-42dc-a89a-d35417f042c6,d796eaa6-2954-4a89-b576-ee21f9358831
9,,H,0,,,,,,1,1,,0,0.0,1,cd0518e9-1647-4f29-8292-70ab2df6ec23,507d965c-2a21-4f8f-af0a-a2518831ece0
10,,B,1,0.0,0.0,,1.0,0.0,0,0,0.0,0,3.0,1,6c3824dc-371f-4dbe-85e7-cf68bd9d6e46,b5caec37-2af2-4f54-9e57-29e80336ba79
11,1.0,B,1,0.0,1.0,,0.0,0.0,0,0,0.0,0,1.0,0,b26899bb-6a57-4406-8c7a-8df7231e0b00,eed4ab33-db17-40bd-badd-f2176af506c1
12,,B,1,1.0,0.0,,0.0,108.0,1,1,1.0,0,1.0,1,e0fb0ac7-dc04-4063-a4b1-69376ab59fa6,2b938025-dfc4-4f5c-9244-e4a56bfe162c
13,,B,1,1.0,0.0,,0.0,104.0,0,1,0.0,1,1.0,1,b6d0630e-2097-4d70-a226-e4e81a1f2267,ad09cc5a-dcb4-40fc-a109-ecb80eefcdb0
14,,W,1,0.0,1.0,,0.0,0.0,0,0,0.0,0,1.0,1,b42202b5-1afd-4581-b50f-565b4f807def,43ca16fb-55e8-4c82-ada3-39762bb1aee4
15,,B,1,0.0,0.0,,1.0,0.0,0,0,0.0,0,0.0,1,2ff87a2b-7f05-4c9c-a4bb-14ab318e35e8,d540280f-3a71-47e8-a88e-30ef1da3670b
16,,H,1,1.0,0.0,,0.0,300.0,1,1,1.0,0,1.0,1,977d3a6f-da01-4728-942d-de0972ab3a25,109cb940-3479-4e1f-afac-f56615e0dcd0
17,,H,1,1.0,0.0,,0.0,180.0,1,1,1.0,0,1.0,1,4e3cd24f-5eb5-460b-92e5-22b79eab1399,0c83b664-59a0-45dd-a251-0acc8174557d
18,,B,1,1.0,0.0,0.0,0.0,204.0,1,1,0.0,1,2.0,1,4f9f6361-2af5-4c65-a487-605b200c5250,41b9a6d0-7918-472f-ab6a-cd5208d9c1c0
19,,B,0,,,,,,1,1,,,0.0,1,21b7ed6e-1a5d-4c3d-883d-74ce098e1f39,5652fb42-32ce-4b26-8964-718a9975c430
20,1.0,B,1,0.0,0.0,0.0,1.0,0.0,1,1,0.0,0,0.0,1,ca4f041b-1dc8-4fc6-935e-6a48a6f26da5,aae3de8f-c9c4-458e-b767-4c434016f9c2
21,,W,1,0.0,1.0,,0.0,0.0,0,0,0.0,0,1.0,1,4ddd1404-0bd4-48db-997b-20281c647302,87b44619-a64c-4a43-8c15-141f755f3cb5
22,,H,1,1.0,0.0,,0.0,32.0,1,1,0.0,0,1.0,1,77969311-b5db-4de8-ae6d-0cd22bdaec15,1a7e1711-0c05-4ebc-9466-862f0fbbfb41
23,,B,1,0.0,0.0,,1.0,0.0,0,0,0.0,0,0.0,1,db24dafc-b2ca-48b8-af69-5ff88b4ce5e6,a4951b6b-addc-4dd7-ab4b-b13f2f6633f3
24,,B,1,0.0,1.0,,0.0,0.0,0,0,0.0,0,1.0,1,1b39400f-fadf-4010-a5fe-f2a17bbe8999,a4951b6b-addc-4dd7-ab4b-b13f2f6633f3
25,,W,1,0.0,1.0,,0.0,0.0,0,0,0.0,1,1.0,1,9bff49e5-4296-4753-bf88-737efba80923,ba95b9a1-0318-4dde-a3b7-f66dbac3fea6
26,,B,1,0.0,0.0,1.0,0.0,24.0,0,0,0.0,0,1.0,1,8a6a42a0-e955-411b-be7f-c19990727433,233afcd3-e336-4f17-b980-7487f2ad245d
27,,W,1,1.0,0.0,,0.0,16.0,1,1,0.0,0,1.0,1,19a6d403-ffc2-4b5d-9ca0-dd7a31c485cf,a9d354c6-9170-4486-9173-a7d17809356d
28,,B,1,1.0,0.0,,0.0,144.0,1,1,0.0,1,1.0,1,c8bdc3dd-2cf8-4531-9028-997c20fa1364,f325b621-de77-48a5-9da2-4521e071dc32
29,,W,1,1.0,0.0,,0.0,24.0,0,0,0.0,0,1.0,1,bbcd4bc9-e34c-400e-8253-6e4ef107bbf7,a708937a-ee01-4129-a2e9-154273b45031
30,,A,1,0.0,1.0,,0.0,0.0,0,0,0.0,0,1.0,1,1c5ac265-8e8c-43ff-a949-6e00a30ad4fd,f6ba442e-6f6d-4811-b58d-3821fc6c0d59
31,,W,1,0.0,0.0,,1.0,0.0,1,1,0.0,0,0.0,1,05d52d35-fb58-40d0-9485-856f03edf111,ed8b7c30-a31c-4a83-8f33-f9d88d49e7f5
32,,B,0,,,,,,1,1,0.0,0,0.0,1,937c82a2-a1be-4294-bf3d-9a9e3f59c024,ff0b1694-8a58-4722-b645-2162999baf3e
33,,B,1,0.0,0.0,,1.0,0.0,0,0,0.0,0,0.0,1,0ecf751b-66a6-4684-b8a0-2a9b9131a8d6,244782ee-6ee5-4132-9a4f-0f1d3e0715c5
34,,W,1,1.0,0.0,,0.0,32.0,1,1,0.0,1,1.0,1,404b6265-14d2-4450-ac25-11de07bb6617,03b0314b-f018-4529-b906-eb12ff9d830d
35,,B,1,1.0,0.0,,0.0,236.0,1,1,1.0,0,1.0,1,f31d364a-da79-4e0f-987f-5a11470ec0da,271c5ce6-7c48-4577-aa8b-38045ddab5c6
36,,B,1,1.0,0.0,,0.0,156.0,1,1,1.0,1,1.0,1,a51f61fa-6bae-4467-831e-5deea17a139f,c0ee4eaf-bfbe-4c7f-9d9b-c44e6abc9b3b
37,1.0,H,1,1.0,0.0,,0.0,32.0,0,0,0.0,0,1.0,0,ed6e49d5-85eb-4eaa-b894-3d97b8cda9ef,8c80a74b-d2da-4a3a-9a22-fcaed334d949
38,,H,1,1.0,0.0,,0.0,24.0,1,1,0.0,1,1.0,1,1e5a4530-a594-43ec-be3b-f56b614a8ee0,151a26a8-bede-4b40-a389-e2963c218dfe
39,,B,0,,,,,,1,1,0.0,0,0.0,1,ae38a45f-7001-49d2-81d4-c144c6103433,23e4a6e7-e226-4331-bfcf-f4dcc2c24d6e
40,,H,1,1.0,0.0,,0.0,180.0,1,1,1.0,0,1.0,1,4e3cd24f-5eb5-460b-92e5-22b79eab1399,68ab6dc9-5ff6-4a40-ada9-10bfbba6f207
41,,O,1,0.0,1.0,,0.0,0.0,1,1,0.0,0,1.0,1,9a9dbd3d-8554-4027-8810-85766a554edd,23bab924-b6ae-4340-97ca-ea098cd0e755
42,,H,1,1.0,0.0,,0.0,180.0,1,1,0.0,1,1.0,1,e133accf-5b16-477d-b6e7-a34576a1f458,1d45304c-00e9-41a8-b178-02159a8124f2
43,,W,1,1.0,0.0,,0.0,72.0,0,0,0.0,1,2.0,1,9b8942b4-06f1-4e49-b318-81add70779ab,9f6d5d17-5260-42b2-a84e-28ecfe9d3c5b
44,,O,1,0.0,0.0,,1.0,0.0,1,1,0.0,0,0.0,1,43e11db9-a358-4129-9bd6-abe450965908,b910b53e-b368-4a8e-a868-c28791e38288
45,1.0,B,0,,,,,,0,0,0.0,0,0.0,0,8e5a6ad1-862c-4ba5-a2d4-bd8a00b13a46,5b3df25a-47a2-4f5d-9dcc-eb69cab9db1e
46,,W,1,1.0,0.0,,0.0,180.0,1,1,0.0,1,2.0,1,839cb0e0-13c0-453d-bc99-a661c8844ac9,8d9a5845-465a-48a2-a636-e260481797a5
47,,B,1,1.0,0.0,,0.0,72.0,1,1,0.0,1,1.0,1,8fb7cd89-6dbf-419a-b4bf-7fdb95107081,3909e2fd-52ee-4c0f-9520-3eb0fb21764d
48,,W,0,,,,,,0,0,0.0,0,0.0,1,4fe90726-b4e9-42b0-8bba-58e539ba9a3d,e71a7929-de6d-4562-86fc-bb6e5507ca88
49,,B,1,0.0,1.0,0.0,0.0,0.0,0,0,0.0,1,1.0,1,2a48cedd-91bd-4d45-a6a1-201411fd4720,be429453-0be3-48b4-ba54-f87e992f2f24
50,,H,0,,,,,,0,0,0.0,0,0.0,1,8d0cf580-b24b-4a94-b06e-7834bfcfd132,11c3b812-620c-4360-aa2a-00bad95f22d8
51,,B,1,0.0,0.0,,1.0,0.0,1,1,0.0,0,0.0,1,ff83c2f5-1ce0-49a1-aca3-acb0bde5f943,08331378-4ccc-47ca-a88d-b6f90f086edd
52,,W,1,0.0,0.0,,1.0,0.0,0,0,0.0,0,3.0,1,dde6f32f-3571-4ccb-b096-95507f77e4d8,3c20fd43-c885-4d0c-99c3-19d8a4157740
53,,H,1,1.0,0.0,,0.0,72.0,1,1,0.0,1,1.0,1,5b39e358-0cc0-47bb-a44a-7ba7b7adca48,29c52321-91e2-4b24-95e8-a7bd57ce9571
54,,W,1,0.0,0.0,,1.0,0.0,0,0,0.0,0,3.0,1,8ef08638-d858-4ce5-b579-1c222921de0e,4a1d8ad0-a64d-4d28-8d15-b8ade7d2a251
55,,H,1,0.0,1.0,0.0,0.0,0.0,0,0,0.0,0,0.0,1,e3a910fe-3b70-4271-a818-707b5a89998a,6d1f8a32-8390-49d0-9b17-ac02ce86e05c
56,,H,1,1.0,0.0,,0.0,60.0,1,1,1.0,0,1.0,1,4e3cd24f-5eb5-460b-92e5-22b79eab1399,e3790171-83c2-431a-92a8-45a0e2171d3f
57,,H,1,1.0,0.0,,0.0,120.0,1,1,1.0,0,1.0,1,c597b660-ac68-47e3-861f-1752f6a076be,a0e114f3-ef31-4e61-8298-d065442d30ef
58,,H,0,,,,,,0,1,0.0,0,0.0,1,aafd2da6-0c56-45da-a59d-a71931a7ba48,3c8662d1-8268-4a05-ae4a-b0bd97732b58
59,1.0,H,0,,,,,,0,0,0.0,0,0.0,0,01fa26b7-0086-46a4-b810-b6454e0c4aa0,d370070c-fe7a-48b9-9406-2d21971ad8a2
60,,B,0,,,,,,1,1,,0,0.0,1,d50ebe19-ab10-4d6e-afb8-02a6db9f499f,7946c5c9-e960-4082-a1d9-c6685e1c0d09
61,,B,0,,,,,,0,0,0.0,0,0.0,1,a52cc201-3456-4144-b698-1a5b672051b1,da7022a7-3ee7-4dff-8e13-7de7abfcd9be
62,1.0,B,1,0.0,0.0,,1.0,0.0,0,1,0.0,0,,1,221f29ae-3760-4656-8e2b-b2a31b69d842,18bf5636-fd96-40dc-940d-e596335f5e22
63,,B,0,,,,,,1,1,,0,0.0,1,c92f7f49-02be-463e-9e62-1a0a90f22f53,18bf5636-fd96-40dc-940d-e596335f5e22
64,1.0,B,0,,,,,,0,1,,0,0.0,0,6a76b968-91a5-4761-a3aa-cd3ec19436fb,18bf5636-fd96-40dc-940d-e596335f5e22
65,1.0,B,1,1.0,0.0,,0.0,96.0,0,0,0.0,1,1.0,0,37a52d08-14e0-4cdc-b5d3-ee1a7202cdab,4dee340a-2c1e-4af9-a17b-4b01062b77f1
66,,H,1,1.0,0.0,,0.0,108.0,1,1,1.0,1,1.0,1,6f346e38-4385-4d5d-b33a-d522c50944a7,2a9d0bc7-a87b-4481-b6d4-2d2cfe2db229
67,,A,1,1.0,0.0,,0.0,180.0,1,1,1.0,1,1.0,1,5ca7a7ed-f434-40ee-940d-92b2a73ccee1,5307403a-d957-487f-aeee-fd0ddf20ed04
68,,H,0,,,,,,1,0,,0,0.0,1,08ccc855-3109-42e7-8d12-26dc95c84394,d903f753-f03f-4ae9-89a6-887fb12c22b1
69,,B,1,1.0,0.0,,0.0,240.0,1,1,0.0,1,1.0,1,4ed37d79-e49d-44d8-93c4-f142c65d4bb1,531fe925-1571-4ace-86f8-b7a13442807a
70,,W,1,1.0,0.0,,0.0,120.0,1,1,0.0,1,1.0,1,f1fca958-321c-465c-8b1f-cb3e1e96fed7,2789f27b-a12a-46c4-b97c-26334d934a40
71,,B,0,,,,,,0,0,0.0,0,0.0,1,66d41f4d-1ac8-4b32-81dc-bd68edf10271,cce332f7-e797-49ed-90de-8f48633fc428
72,,H,1,1.0,0.0,,0.0,68.0,1,1,0.0,0,1.0,1,af14d275-b67c-41b2-b2f2-f04d8165e0b6,103c7899-213e-4723-91db-4789b8a58685
73,,H,1,1.0,0.0,,0.0,184.0,1,1,0.0,1,2.0,1,11d06829-adef-491e-b8b3-fc61e15e8c1e,6091a637-9420-4b27-af96-32f0b99d07a2
74,,H,1,1.0,0.0,0.0,0.0,180.0,1,1,1.0,0,1.0,1,a23130fd-1155-4398-830f-3045c454f66e,5c9b908b-a2ec-47c3-bae0-514227a6adb1
75,,B,1,0.0,1.0,,0.0,0.0,0,0,0.0,0,1.0,1,5a691e2b-61dd-4835-b77f-f292fce72785,06a15b0f-6eb0-4aef-a395-870195067dc1
76,,B,0,,,,,,0,1,0.0,0,0.0,1,70138bfd-590c-471e-8dd5-6661c45dbf4c,51d7defd-c365-4ebb-9809-1aabe53f42c1
77,,B,1,0.0,1.0,,0.0,0.0,0,0,0.0,0,1.0,1,a017e723-b955-4da2-b819-a77ae480b1f0,7ef2ebe9-9ce7-43e5-bdea-e1c3b07695d6
78,,H,1,0.0,1.0,0.0,0.0,0.0,0,0,0.0,1,1.0,1,193cd300-3ef3-4299-a370-0ad4d5a060d1,dcffada2-9d58-4639-b3a2-32c02d0abed5
79,,H,1,1.0,0.0,,0.0,144.0,1,1,0.0,1,1.0,1,bbc9dc2c-5e30-404f-a5a4-eeface5ffcdf,58e68ace-57c7-417c-a69d-52b78923290e
80,,A,1,0.0,1.0,,0.0,0.0,1,1,0.0,1,1.0,1,44fb6e37-243d-468f-adf9-c6447c3106d3,54cafc17-cd65-47e1-9785-971cee30887c
81,,B,1,1.0,0.0,,0.0,76.0,1,1,0.0,0,1.0,1,a02d3039-b726-4054-99bb-9a86fe6942c0,01275c4d-dd0c-4769-87ef-032c2508586c
82,,B,1,1.0,0.0,0.0,0.0,180.0,1,1,1.0,0,1.0,1,e8c09877-d78d-416f-bff1-6bb67304c242,8536ad1b-bad8-491b-aaf6-122c07986492
83,,W,1,1.0,0.0,,0.0,192.0,1,1,0.0,1,1.0,1,98ff8e79-01ed-43cd-97ef-130726513bbf,5679094e-f8b6-4588-a28c-1973d12894f8
84,,B,1,1.0,0.0,,0.0,80.0,1,1,0.0,1,1.0,1,3614b80d-093b-412e-a970-ec6adedf1a36,4907b00c-5822-4edd-a418-dea21550448b
85,,B,1,1.0,0.0,,0.0,120.0,1,1,0.0,1,1.0,1,119e00b7-3ef3-4a33-9d65-51d3faa978a6,13f35b4b-f939-47ab-9042-d2d5ebeba17d
86,,B,1,1.0,0.0,,0.0,216.0,1,1,1.0,0,1.0,1,9b1ee7e6-9289-4bd5-b7cb-9028d8f67862,b68aeaa2-6044-47df-a2aa-42fb1e3e0316
87,,H,1,1.0,0.0,,0.0,86.0,1,1,0.0,0,1.0,1,858f0848-0b95-4a37-82ad-8fe857ed80b8,746272c5-29ef-4dbe-89cd-adc3b11226b6
88,,W,1,1.0,0.0,,0.0,24.0,1,1,0.0,1,1.0,1,204015a5-62f2-4ef4-a5a2-ec9bbe2e90ca,778d4a0a-4fd0-40ef-b209-2e98ec1626d1
89,,B,1,0.0,1.0,,0.0,0.0,1,1,0.0,0,1.0,1,326836a5-0ac7-4f47-bb5c-520367ce7423,79e22ff6-323d-4524-ba8e-d1043e5cf1d0
90,,W,1,0.0,1.0,,0.0,0.0,0,0,0.0,0,1.0,1,18ab7496-a76e-4f3e-af6c-92eae428a08f,a8b17b8a-5bd1-47b1-a32c-9b616728e2b9
91,,B,1,1.0,0.0,,0.0,228.0,1,1,1.0,1,1.0,1,fce87a7c-0f34-48bc-ac65-e1e743ba359a,6f4e83e2-4506-4d8e-b499-3d5307483cc4
92,,B,1,1.0,0.0,,0.0,156.0,0,1,0.0,0,1.0,1,b6a1d8fe-b8c7-4818-9eda-06ca7795bd17,b32006dc-ef21-4e8a-a5f3-24856481464f
93,1.0,B,1,0.0,0.0,,1.0,0.0,1,1,0.0,0,0.0,1,c3d28882-d446-4893-9dfe-602bef24ceef,32b7a3ab-7dff-435e-bf57-ff85dd102738
94,1.0,B,1,0.0,1.0,0.0,0.0,0.0,0,0,0.0,0,1.0,0,7f9e405e-9ad0-4960-b3ae-b7ec6aef1b69,11565bb0-f666-475a-9757-f4f998d82006
95,,B,0,,,,,,0,1,0.0,0,0.0,1,878c7fb9-555a-4f4c-86b1-a682e875f67f,3d254d00-fe93-43ba-9328-d0f45d2aaf03
96,,H,1,1.0,0.0,,0.0,120.0,1,1,0.0,1,1.0,1,97f193d0-2847-4e89-8656-2c522ef3b418,f52a2277-89eb-4458-8464-63366fbc6e53
